,name,rating,review,comp_type,headquaters,year_old,total_employee
0,TCS,3.9,(26.1k Reviews),Public,"Mumbai,Maharashtra + 202 more",53 years old,1 Lakh+ employees (India)
1,Accenture,4.0,(20.4k Reviews),Public,"Dublin,Dublin + 119 more",32 years old,1 Lakh+ employees (India)
2,Cognizant,3.9,(18.6k Reviews),Private,"Teaneck,New Jersey + 66 more",27 years old,1 Lakh+ employees (India)
3,ICICI Bank,4.0,(18.4k Reviews),Public,"Mumbai,Maharashtra + 896 more",27 years old,50k-1 Lakh employees (India)
4,HDFC Bank,4.0,(16.1k Reviews),Public,"Mumbai,Maharashtra + 954 more",27 years old,1 Lakh+ employees (India)
5,Wipro,3.8,(14.7k Reviews),Public,"Bangalore/Bengaluru,Karnataka + 217 more",76 years old,1 Lakh+ employees (India)
6,Capgemini,3.7,(14k Reviews),Public,Paris + 58 more,54 years old,1 Lakh+ employees (India)
7,HCL Technologies,3.8,(13.6k Reviews),Public,"Noida,Uttar Pradesh + 133 more",45 years old,1 Lakh+ employees (India)
8,Infosys,3.9,(13.3k Reviews),Public,"Bangalore/Bengaluru,Karnataka + 93 more",40 years old,1 Lakh+ employees (India)
9,Tech Mahindra,3.6,(12.8k Reviews),Public,"Pune,Maharashtra + 130 more",35 years old,50k-1 Lakh employees (India)
10,Genpact,4.0,(11.8k Reviews),Private,"New York,New York + 49 more",24 years old,50k-1 Lakh employees (India)
11,Axis Bank,3.8,(11.5k Reviews),Public,"Mumbai,Maharashtra + 865 more",28 years old,50k-1 Lakh employees (India)
12,Vodafone Idea,4.2,(11.4k Reviews),Public,"Gandhinagar,Gujrat + 503 more",3 years old,10k-50k employees (India)
13,L&T,4.0,(11.1k Reviews),Public,"Mumbai,Maharashtra + 430 more",83 years old,10k-50k employees (India)
14,Reliance jio,4.0,(10.9k Reviews),Public,"Navi Mumbai,Maharashtra + 779 more",14 years old,10k-50k employees (India)
15,IBM,4.1,(10.7k Reviews),Public,New York + 95 more,110 years old,50k-1 Lakh employees (India)
16,Concentrix Corpora...,4.1,(10.4k Reviews),Public,"Fremont,California + 51 more",38 years old,10k-50k employees (India)
17,Amazon,4.2,(9.4k Reviews),Private,"Seattle,Washington + 269 more",17 years old,10k-50k employees (India)
18,HDB Financial Serv...,4.0,(9.4k Reviews),Private,"Ahmedabad,Gujrat + 621 more",14 years old,1 Lakh+ employees (India)
19,Kotak Mahindra Ban...,3.8,(7.4k Reviews),Public,"Mumbai,Maharashtra + 406 more",18 years old,10k-50k employees (India)
20,Tata Motors,4.1,(7.2k Reviews),Public,"Pune,Maharashtra + 343 more",76 years old,50k-1 Lakh employees (India)
21,Bharti Airtel,4.1,(7k Reviews),Public,"Gurgaon/Gurugram,Haryana + 411 more",26 years old,5k-10k employees (India)
22,Teleperformance,3.6,(7k Reviews),Private,Paris + 87 more,43 years old,50k-1 Lakh employees (India)
23,Reliance Industrie...,4.0,(6.6k Reviews),Public,"Navi Mumbai,Maharashtra + 320 more",48 years old,1 Lakh+ employees (India)
24,Deloitte,3.9,(5.4k Reviews),Private,"New York,New York + 94 more",176 years old,10k-50k employees (India)
25,Mahindra & Mahindr...,4.2,(5.2k Reviews),Public,"Mumbai,Maharashtra + 337 more",76 years old,10k-50k employees (India)
26,IndusInd Bank,3.7,(5k Reviews),Public,"Gurgaon/Gurugram,Haryana + 457 more",27 years old,10k-50k employees (Global)
27,Hinduja Global Sol...,3.9,(4.9k Reviews),Public,"Bangalore/Bengaluru,Karnataka + 63 more",21 years old,10k-50k employees (India)
28,Samsung,4.2,(4.6k Reviews),Private,"Suwon-Si,Gyeonggi-Do + 375 more",83 years old,50k-1 Lakh employees (India)
29,WNS,3.7,(4.5k Reviews),Private,"Mumbai,Maharashtra + 18 more",25 years old,10k-50k employees (Global)
30,Maruti Suzuki,4.1,(4.5k Reviews),Public,"New Delhi,Delhi + 327 more",38 years old,10k-50k employees (India)
31,Reliance Retail,4.1,(4.5k Reviews),Private,"Navi Mumbai,Maharashtra + 333 more",15 years old,1 Lakh+ employees (India)
32,Indian Army,4.7,(4.5k Reviews),"New Delhi,Delhi + 246 more",126 years old,1 Lakh+ employees (Global),nan
33,DXC Technology,3.5,(4.3k Reviews),Public,Virginia + 45 more,30 years old,1 Lakh+ employees (Global)
34,Infosys BPM,4.0,(3.9k Reviews),"Bangalore/Bengaluru,Karnataka + 32 more",19 years old,10k-50k employees (India),nan
35,Ericsson,4.2,(3.9k Reviews),Private,"Kista,Stockholm + 119 more",145 years old,10k-50k employees (India)
36,Bajaj Finserv,4.0,(3.8k Reviews),Public,Pune + 524 more,14 years old,10k-50k employees (India)
37,HSBC,4.1,(3.7k Reviews),Private,"Pune,Maharashtra + 47 more",19 years old,10k-50k employees (India)
38,Startek,3.6,(3.7k Reviews),"Mumbai,Maharashtra + 43 more",4 years old,1k-5k employees (India),nan
39,Ernst & Young,3.7,(3.7k Reviews),Private,London + 53 more,19 years old,50k-1 Lakh employees (India)
40,Dr. Reddy's,4.2,(3.7k Reviews),Public,"Hyderabad/Secunderabad,Telangana + 116 more",35 years old,10k-50k employees (India)
41,Jana Small Finance...,3.9,(3.6k Reviews),Public,"Bangalore/Bengaluru,Karnataka + 272 more",15 years old,10k-50k employees (Global)
42,Conneqt Business S...,3.8,(3.6k Reviews),"Mumbai,Maharashtra + 128 more",19 years old,10k-50k employees (India),nan
43,Cipla Pharmaceutic...,4.0,(3.6k Reviews),Public,"Mumbai,Maharashtra + 169 more",86 years old,10k-50k employees (India)
44,ICICI Prudential L...,4.1,(3.5k Reviews),Public,"Mumbai,Maharashtra + 361 more",21 years old,10k-50k employees (India)
45,Sutherland Global ...,3.8,(3.5k Reviews),Private,"Pittsford,New York + 28 more",35 years old,10k-50k employees (India)
46,Mphasis,3.7,(3.3k Reviews),Public,"Bangalore/Bengaluru,Karnataka + 35 more",21 years old,10k-50k employees (Global)
47,Bajaj Allianz Life...,4.1,(3.3k Reviews),Private,Pune + 374 more,20 years old,10k-50k employees (India)
48,Home Credit Financ...,4.2,(3.3k Reviews),Private,Gurugram + 95 more,9 years old,10k-50k employees (India)
49,Lupin,4.1,(3.2k Reviews),Public,"Mumbai,Maharashtra + 116 more",53 years old,10k-50k employees (India)
50,IDFC FIRST Bank,3.8,(3.2k Reviews),Public,"Mumbai,Maharashtra + 262 more",11 years old,10k-50k employees (India)
51,Yes Bank,3.9,(3.2k Reviews),Public,"Mumbai,Maharashtra + 291 more",17 years old,10k-50k employees (India)
52,Intelenet Global S...,3.7,(3.2k Reviews),Private,"Mumbai,Maharashtra + 55 more",21 years old,10k-50k employees (India)
53,Asian Paints,4.3,(3.2k Reviews),Public,"Mumbai,Maharashtra + 263 more",79 years old,5k-10k employees (India)
54,HDFC LIFE,4.0,(3.1k Reviews),"Mumbai,Maharashtra + 348 more",21 years old,10k-50k employees (India),nan
55,Hewlett-Packard En...,4.3,(3k Reviews),Private,"Palo Alto,California + 76 more",82 years old,10k-50k employees (India)
56,Reliance Communica...,4.0,(2.9k Reviews),Public,"Navi Mumbai,Maharashtra + 340 more",19 years old,1k-5k employees (Global)
57,Zydus Cadila,4.1,(2.9k Reviews),Public,"Ahmedabad, India + 121 more",69 years old,10k-50k employees (India)
58,NTT DATA,3.8,(2.9k Reviews),Private,"Chiyoda City,Tokyo + 29 more",33 years old,10k-50k employees (India)
59,OPPO,4.0,(2.9k Reviews),Public,"Dongguan,Guangdong + 277 more",17 years old,10k-50k employees (India)
60,Future Group,4.2,(2.8k Reviews),Private,"Mumbai,Maharashtra + 181 more",8 years old,50k-1 Lakh employees (India)
61,Bajaj Finance,4.2,(2.8k Reviews),Private,"Pune,Maharashtra + 510 more",34 years old,1k-5k employees (India)
62,Hindustan Unilever...,4.3,(2.8k Reviews),Public,"Mumbai,Maharashtra + 282 more",88 years old,10k-50k employees (India)
63,ITC,4.0,(2.8k Reviews),Public,"Kolkata,West Bengal + 178 more",46 years old,10k-50k employees (India)
64,EXL Service,3.8,(2.7k Reviews),Private,"New York,New York + 25 more",22 years old,10k-50k employees (India)
65,Shriram Transport ...,4.1,(2.7k Reviews),Public,"Mumbai,Maharashtra + 535 more",42 years old,10k-50k employees (India)
66,Ujjivan Small Fina...,4.1,(2.7k Reviews),Public,"Bangalore/Bengaluru,Karnataka + 314 more",4 years old,10k-50k employees (India)
67,Mahindra & Mahindr...,4.3,(2.7k Reviews),Public,"Mumbai,Maharashtra + 475 more",30 years old,10k-50k employees (India)
68,Shapoorji Pallonji,4.2,(2.7k Reviews),Private,"Mumbai,Maharashtra + 120 more",156 years old,1k-5k employees (India)
69,Ashok Leyland,4.2,(2.7k Reviews),Public,"Chennai,Tamil Nadu + 161 more",73 years old,10k-50k employees (India)
70,Apollo Hospitals,4.1,(2.7k Reviews),Public,"Chennai,Tamil Nadu + 140 more",38 years old,50k-1 Lakh employees (Global)
71,UltraTech Cement,4.2,(2.7k Reviews),Public,"Mumbai,Maharashtra + 265 more",38 years old,10k-50k employees (India)
72,Sun Pharmaceutical...,4.0,(2.7k Reviews),Public,Mumbai + 122 more,38 years old,10k-50k employees (India)
73,Udaan,4.2,(2.6k Reviews),Private,Bengaluru + 252 more,5 years old,5k-10k employees (India)
74,Paytm,3.7,(2.6k Reviews),Private,"Noida,Uttar Pradesh + 195 more",11 years old,1k-5k employees (Global)
75,IIFL,3.8,(2.6k Reviews),Public,"Mumbai,Maharashtra + 356 more",26 years old,5k-10k employees (India)
76,Nokia,4.3,(2.5k Reviews),Private,"Espoo,Southern Finland + 157 more",156 years old,10k-50k employees (India)
77,Wipro BPS,3.8,(2.5k Reviews),Bengaluru + 29 more,21 years old,10k-50k employees (Global),nan
78,Vivo,4.1,(2.5k Reviews),Private,"Gurgaon/Gurugram,Haryana + 278 more",12 years old,5k-10k employees (India)
79,Aurobindo Pharma,4.1,(2.5k Reviews),Public,"Hyderabad/Secunderabad,Telangana + 36 more",35 years old,1k-5k employees (India)
80,Larsen & Toubro In...,3.8,(2.5k Reviews),Public,"Mumbai,Maharashtra + 69 more",25 years old,10k-50k employees (India)
81,Oyo Rooms,3.5,(2.5k Reviews),Private,"Gurgaon/Gurugram,Haryana + 95 more",8 years old,1k-5k employees (India)
82,Siemens,4.2,(2.4k Reviews),Public,Munich + 84 more,29 years old,1k-5k employees (India)
83,PwC,3.6,(2.4k Reviews),Partnership,London + 50 more,23 years old,5k-10k employees (India)
84,TVS Motor,4.1,(2.4k Reviews),Public,"Chennai,Tamil Nadu + 204 more",42 years old,5k-10k employees (India)
85,eClerx,3.6,(2.3k Reviews),Public,"Mumbai,Maharashtra + 14 more",21 years old,1 Lakh+ employees (Global)
86,JP Morgan Chase,4.1,(2.2k Reviews),Private,"New York,New York + 15 more",21 years old,10k-50k employees (India)
87,Max Life Insurance,4.2,(2.2k Reviews),"Gurgaon/Gurugram,Haryana + 228 more",21 years old,10k-50k employees (India),nan
88,Wipro Consumer Ca...,3.8,(2.2k Reviews),Private,"Bangalore/Bengaluru,Karnataka + 59 more",76 years old,5k-10k employees (Global)
89,Hero MotoCorp,4.2,(2.2k Reviews),Public,"Gurgaon/Gurugram,Haryana + 219 more",37 years old,5k-10k employees (India)
90,Cyient,3.6,(2.2k Reviews),Public,"Hyderabad/Secunderabad,Telangana + 24 more",30 years old,10k-50k employees (Global)
91,Axis Direct,4.0,(2.2k Reviews),Private,"Mumbai,Maharashtra + 258 more",10 years old,1k-5k employees (India)
92,Atos Syntel,3.7,(2.2k Reviews),Private,"Troy,Michigan + 14 more",41 years old,10k-50k employees (India)
93,KPMG,3.7,(2.2k Reviews),"Amstelveen,North Holland + 42 more",34 years old,10k-50k employees (India),nan
94,Hyundai Motor,4.3,(2.2k Reviews),Private,Seoul + 189 more,54 years old,5k-10k employees (India)
95,JustDial,3.7,(2.1k Reviews),Public,"Mumbai,Maharashtra + 108 more",25 years old,10k-50k employees (India)
96,Bandhan Bank,3.9,(2.1k Reviews),Public,"Kolkata,West Bengal + 380 more",20 years old,10k-50k employees (Global)
97,JLL,4.2,(2.1k Reviews),Private,"Mumbai,Maharashtra + 51 more",24 years old,10k-50k employees (India)
98,Oracle,3.7,(2.1k Reviews),Public,"Redwood City,California + 24 more",44 years old,10k-50k employees (India)
99,Bosch,4.2,(2.1k Reviews),Public,"Gerlingen,Baden-Wuerttemberg + 72 more",135 years old,10k-50k employees (India)
100,Tata Projects,4.2,(2.1k Reviews),Public,"Mumbai,Maharashtra + 160 more",42 years old,1k-5k employees (Global)
101,Dominos Pizza,4.2,(2.1k Reviews),Public,"Ypsilanti,Michigan + 176 more",61 years old,1k-5k employees (India)
102,Fidelity National ...,4.0,(2.1k Reviews),Private,"Jacksonville,Florida + 26 more",16 years old,10k-50k employees (India)
103,JSW Steel,3.9,(2.1k Reviews),Public,"Mumbai,Maharashtra + 76 more",39 years old,10k-50k employees (India)
104,Aditya Birla Fashi...,4.3,(2.1k Reviews),Private,Mumbai + 168 more,6 years old,10k-50k employees (India)
105,Godrej & Boyce Man...,4.0,(2k Reviews),Private,"Mumbai,Maharashtra + 108 more",124 years old,10k-50k employees (Global)
106,Mindtree,4.0,(2k Reviews),Public,"Bangalore/Bengaluru,Karnataka + 19 more",22 years old,10k-50k employees (India)
107,First Source,3.9,(2k Reviews),Public,"Mumbai,Maharashtra + 39 more",20 years old,10k-50k employees (Global)
108,Viatris,4.2,(2k Reviews),"Canonsburg,Pennsylvania + 54 more",60 years old,1k-5k employees (India),nan
109,UnitedHealth,4.2,(2k Reviews),Private,"Minnetonka,Minnesota + 11 more",44 years old,10k-50k employees (India)
110,AU Small Finance B...,3.9,(2k Reviews),Private,"Jaipur,Rajasthan + 224 more",25 years old,10k-50k employees (India)
111,BYJU'S,2.8,(1.9k Reviews),Private,"Bangalore/Bengaluru,Karnataka + 87 more",10 years old,5k-10k employees (Global)
112,Dell,4.1,(1.9k Reviews),Private,"Round Rock,Texas + 67 more",37 years old,50k-1 Lakh employees (India)
113,iEnergizer,3.4,(1.9k Reviews),Private,"Noida,Uttar Pradesh + 13 more",21 years old,10k-50k employees (Global)
114,TATA Steel,4.1,(1.9k Reviews),Public,"Mumbai,Maharashtra + 96 more",114 years old,10k-50k employees (India)
115,Fullerton India,4.2,(1.9k Reviews),Private,Mumbai + 334 more,14 years old,10k-50k employees (India)
116,Manappuram Finance,4.0,(1.9k Reviews),Public,"Thrissur/Trichur,Kerala + 299 more",72 years old,10k-50k employees (Global)
117,Delhivery,4.2,(1.9k Reviews),Private,"Gurgaon/Gurugram,Haryana + 326 more",10 years old,10k-50k employees (India)
118,Omega Healthcare,3.7,(1.9k Reviews),Private,Florida + 19 more,17 years old,1k-5k employees (India)
119,Hexaware Technolog...,3.5,(1.9k Reviews),Public,"Mumbai,Maharashtra + 22 more",31 years old,10k-50k employees (India)
120,Muthoot Group,3.8,(1.9k Reviews),Public,"Kochi/Cochin,Kerala + 298 more",134 years old,1k-5k employees (India)
121,Simplex Infrastruc...,3.8,(1.8k Reviews),Public,"Kolkata,West Bengal + 109 more",97 years old,1k-5k employees (India)
122,Honda,4.2,(1.8k Reviews),Private,"Greater Noida,Uttar Pradesh + 163 more",36 years old,5k-10k employees (India)
123,Royal Enfield,4.2,(1.8k Reviews),Private,"Gurgaon/Gurugram,Haryana + 186 more",66 years old,1k-5k employees (India)
124,Motherson Sumi Sys...,3.9,(1.8k Reviews),Public,"Noida,Uttar Pradesh + 53 more",35 years old,1k-5k employees (India)
125,Megha Engineering ...,4.3,(1.8k Reviews),Private,"Hyderabad/Secunderabad,Telangana + 138 more",32 years old,5k-10k employees (India)
126,Wells Fargo India,4.1,(1.8k Reviews),Private,"San Francisco,California + 10 more",23 years old,10k-50k employees (India)
127,Wipro Enterprises ...,3.8,(1.8k Reviews),Bangalore + 56 more,76 years old,1 Lakh+ employees (Global),nan
128,SBI Cards & Paymen...,3.9,(1.8k Reviews),Public,"Gurgaon/Gurugram,Haryana + 190 more",23 years old,1k-5k employees (India)
129,Nagarjuna Construc...,4.1,(1.8k Reviews),Public,"Hyderabad/Secunderabad,Telangana + 144 more",23 years old,5k-10k employees (Global)
130,BNY Mellon,4.0,(1.8k Reviews),Private,"New York City,New York + 6 more",17 years old,10k-50k employees (India)
131,JBM Group,4.0,(1.8k Reviews),Public,"Gurgaon/Gurugram,Haryana + 66 more",38 years old,10k-50k employees (Global)
132,State Bank of Indi...,3.9,(1.8k Reviews),"Mumbai,Maharashtra + 260 more",215 years old,1 Lakh+ employees (India),nan
133,Arvind Group,4.1,(1.8k Reviews),Public,"Ahmedabad,Gujrat + 124 more",90 years old,10k-50k employees (India)
134,Sodexo,4.1,(1.7k Reviews),Private,Issy Les Moulineaux + 94 more,13 years old,5k-10k employees (India)
135,Muthoot Fincorp,3.9,(1.7k Reviews),Private,"Trivandrum/Thiruvananthapuram,Kerala + 333 more",134 years old,10k-50k employees (Global)
136,Tata Communication...,4.1,(1.7k Reviews),Public,"Mumbai,Maharashtra + 84 more",35 years old,10k-50k employees (India)
137,LG Electronics,4.1,(1.7k Reviews),Public,"Seoul,Seoul + 162 more",63 years old,5k-10k employees (India)
138,Hindustan Coca Col...,4.4,(1.7k Reviews),Private,Bangalore + 145 more,24 years old,1k-5k employees (India)
139,Hetero Drugs,4.0,(1.7k Reviews),Private,"Hyderabad/Secunderabad,Telangana + 28 more",28 years old,1k-5k employees (India)
140,Flex,4.0,(1.7k Reviews),Private,San Jose + 29 more,52 years old,10k-50k employees (India)
141,Abbott Healthcare,4.2,(1.7k Reviews),Public,"Illinois City,Illinois + 125 more",30 years old,10k-50k employees (India)
142,Bajaj Auto,3.9,(1.7k Reviews),Public,"Pune,Maharashtra + 165 more",76 years old,201-500 employees (India)
143,Gati kwe,4.0,(1.7k Reviews),Private,"Hyderabad/Secunderabad,Telangana + 134 more",9 years old,1k-5k employees (India)
144,Cgi Group,4.0,(1.7k Reviews),Private,"Montreal,Quebec + 8 more",30 years old,10k-50k employees (India)
145,Equitas Small Fina...,4.0,(1.7k Reviews),Private,"Chennai,Tamil Nadu + 243 more",14 years old,1k-5k employees (India)
146,John Deere,4.3,(1.7k Reviews),Private,"Moline,Illinois + 80 more",20 years old,1k-5k employees (India)
147,L & T Finance,4.1,(1.7k Reviews),Public,"Mumbai,Maharashtra + 311 more",27 years old,5k-10k employees (India)
148,Shoppers Stop,4.3,(1.7k Reviews),Public,"Mumbai,Maharashtra + 53 more",30 years old,10k-50k employees (India)
149,Ford Motor,4.5,(1.7k Reviews),Public,"Dearborn,Michigan + 90 more",118 years old,5k-10k employees (India)
150,Subros,3.9,(1.6k Reviews),Public,"Noida,Uttar Pradesh + 28 more",36 years old,1k-5k employees (Global)
151,Lava International,4.1,(1.6k Reviews),Public,"Noida,Uttar Pradesh + 190 more",12 years old,1k-5k employees (India)
152,McDonald's,4.2,(1.6k Reviews),Private,"Chicago,Illinois + 101 more",66 years old,5k-10k employees (India)
153,Tata Teleservices,4.2,(1.6k Reviews),Public,"Mumbai,Maharashtra + 151 more",25 years old,1 Lakh+ employees (Global)
154,Alembic Pharmaceut...,4.2,(1.6k Reviews),Public,"Vadodara/Baroda,Gujrat + 102 more",114 years old,5k-10k employees (India)
155,Quess,4.0,(1.6k Reviews),Public,Bangalore + 221 more,14 years old,1k-5k employees (India)
156,Suzlon Group,4.1,(1.6k Reviews),Public,"Pune,Maharashtra + 69 more",26 years old,5k-10k employees (India)
157,CBRE,4.2,(1.6k Reviews),Private,"Los Angeles,California + 39 more",115 years old,5k-10k employees (India)
158,SBI Life Insurance...,3.8,(1.6k Reviews),Public,"Mumbai,Maharashtra + 341 more",20 years old,10k-50k employees (Global)
159,Cholamandalam Inve...,4.2,(1.6k Reviews),Private,"Chennai,Tamil Nadu + 386 more",43 years old,1k-5k employees (India)
160,D Mart,4.1,(1.6k Reviews),Private,"Mumbai,Maharashtra + 112 more",21 years old,1k-5k employees (Global)
161,NatWest Group,4.0,(1.6k Reviews),Chennai + 16 more,10k-50k employees (India),nan,nan
162,IQVIA,4.2,(1.6k Reviews),Partnership,"Danbury,Connecticut + 32 more",39 years old,10k-50k employees (India)
163,Schneider Electric,4.2,(1.6k Reviews),Private,Paris + 57 more,22 years old,10k-50k employees (India)
164,ICICI Lombard Gene...,3.9,(1.5k Reviews),Public,"Mumbai,Maharashtra + 155 more",20 years old,5k-10k employees (India)
165,VE Commercial Vehi...,4.1,(1.5k Reviews),Private,"Gurgaon/Gurugram,Haryana + 91 more",13 years old,1k-5k employees (India)
166,Cummins,4.3,(1.5k Reviews),"Columbus,Indiana + 70 more",59 years old,5k-10k employees (India),nan
167,Ecom Express,4.2,(1.5k Reviews),Private,Gurugram + 356 more,9 years old,10k-50k employees (India)
168,CMS IT Services,3.1,(1.5k Reviews),Private,"Bangalore/Bengaluru,Karnataka + 103 more",7 years old,5k-10k employees (Global)
169,Intas Pharmaceutic...,4.2,(1.5k Reviews),Private,"Ahmedabad,Gujrat + 84 more",21 years old,5k-10k employees (India)
170,Thermax,4.3,(1.5k Reviews),Public,"Pune,Maharashtra + 91 more",41 years old,1k-5k employees (Global)
171,DTDC Express,4.0,(1.5k Reviews),Private,"Bangalore/Bengaluru,Karnataka + 163 more",31 years old,1k-5k employees (India)
172,L&T Construction,4.0,(1.5k Reviews),Public,Chennai + 189 more,77 years old,1 Lakh+ employees (Global)
173,ABB Group,4.0,(1.5k Reviews),Public,Zurich + 81 more,20 years old,5k-10k employees (India)
174,Glenmark Pharmaceu...,4.2,(1.5k Reviews),Public,"Mumbai,Maharashtra + 94 more",44 years old,5k-10k employees (India)
175,UST,3.9,(1.5k Reviews),Private,"Aliso Viejo,California + 25 more",20 years old,10k-50k employees (Global)
176,Bel,4.3,(1.5k Reviews),Private,"Bangalore/Bengaluru,Karnataka + 27 more",67 years old,10k-50k employees (Global)
177,KEC International,4.2,(1.5k Reviews),Public,"Mumbai,Maharashtra + 148 more",76 years old,5k-10k employees (India)
178,Reliance Nippon Li...,3.8,(1.5k Reviews),Private,"Mumbai,Maharashtra + 345 more",21 years old,10k-50k employees (India)
179,Varun Beverages,3.9,(1.5k Reviews),Public,"Gurgaon/Gurugram,Haryana + 152 more",26 years old,1k-5k employees (Global)
180,Ipca Laboratories,4.0,(1.5k Reviews),Public,"Mumbai,Maharashtra + 84 more",72 years old,5k-10k employees (India)
181,Honda Motorcycle &...,4.1,(1.5k Reviews),Private,"Gurgaon/Gurugram,Haryana + 133 more",22 years old,5k-10k employees (India)
182,Amdocs,3.9,(1.5k Reviews),Private,"Chesterfield,Missouri + 9 more",39 years old,5k-10k employees (India)
183,Titan Company,4.4,(1.5k Reviews),Public,"Hosur,Tamil Nadu + 105 more",37 years old,5k-10k employees (India)
184,Indiamart Intermes...,3.8,(1.5k Reviews),Private,"Noida,Uttar Pradesh + 64 more",25 years old,1k-5k employees (Global)
185,Alkem Laboratories,4.1,(1.4k Reviews),Public,"Mumbai,Maharashtra + 102 more",48 years old,10k-50k employees (India)
186,Robert Bosch Engin...,4.1,(1.4k Reviews),Private,Gerlingen + 14 more,31 years old,1 Lakh+ employees (Global)
187,Future Retail,4.2,(1.4k Reviews),Public,"Mumbai,Maharashtra + 167 more",34 years old,10k-50k employees (Global)
188,State Street Synte...,3.8,(1.4k Reviews),Private,Mumbai + 11 more,17 years old,10k-50k employees (Global)
189,Macleods Pharmaceu...,4.1,(1.4k Reviews),Public,"Mumbai,Maharashtra + 63 more",35 years old,5k-10k employees (Global)
190,Atos,3.9,(1.4k Reviews),Private,Bezons + 27 more,24 years old,10k-50k employees (India)
191,Indian Oil Corpora...,4.3,(1.4k Reviews),Private,"Delhi/NCR,Delhi + 141 more",62 years old,10k-50k employees (India)
192,Standard Chartered...,4.0,(1.4k Reviews),Private,London + 53 more,52 years old,5k-10k employees (India)
193,Radisson Hotels,3.9,(1.4k Reviews),Private,"Minnetonka,Minnesota + 84 more",112 years old,50k-1 Lakh employees (Global)
194,Optum,4.1,(1.4k Reviews),Private,"Noida,Uttar Pradesh + 15 more",12 years old,1k-5k employees (India)
195,Bajaj Electricals,4.1,(1.4k Reviews),Public,"Mumbai,Maharashtra + 145 more",83 years old,1k-5k employees (India)
196,Huawei Technologie...,3.7,(1.4k Reviews),Private,"Gurgaon/Gurugram,Haryana + 81 more",19 years old,501-1k employees (India)
197,Rivigo,3.8,(1.4k Reviews),Private,"Gurgaon/Gurugram,Haryana + 131 more",7 years old,1k-5k employees (India)
198,DCB Bank,3.9,(1.4k Reviews),Private,"Mumbai,Maharashtra + 185 more",91 years old,5k-10k employees (India)
199,TAFE - Tractors an...,4.1,(1.4k Reviews),Public,"Chennai,Tamil Nadu + 116 more",61 years old,1k-5k employees (India)
200,American Express,4.3,(1.4k Reviews),Private,"New York,New York + 31 more",171 years old,10k-50k employees (India)
201,Torrent Pharmaceut...,4.1,(1.4k Reviews),Public,"Ahmedabad,Gujrat + 78 more",50 years old,5k-10k employees (India)
202,Havells,4.1,(1.4k Reviews),Public,"Noida,Uttar Pradesh + 98 more",38 years old,5k-10k employees (India)
203,PepsiCo,4.2,(1.4k Reviews),Private,"Harrison,New York + 182 more",32 years old,1 Lakh+ employees (India)
204,BigBasket,4.1,(1.4k Reviews),Private,"Bangalore/Bengaluru,Karnataka + 51 more",10 years old,1k-5k employees (India)
205,Hindalco Industrie...,4.2,(1.4k Reviews),Public,"Mumbai,Maharashtra + 58 more",63 years old,10k-50k employees (India)
206,HCL Infosystems,3.9,(1.3k Reviews),Public,"Noida,Uttar Pradesh + 93 more",45 years old,1 Lakh+ employees (Global)
207,Deutsche Bank,4.2,(1.3k Reviews),Private,Frankfurt + 27 more,151 years old,10k-50k employees (India)
208,Team Lease,4.0,(1.3k Reviews),Public,"Bangalore/Bengaluru,Karnataka + 142 more",5 years old,1 Lakh+ employees (Global)
209,KPIT Technologies,3.3,(1.3k Reviews),Private,"Pune,Maharashtra + 19 more",31 years old,5k-10k employees (Global)
210,Landmark Group,4.1,(1.3k Reviews),Private,"Dubai Marina,Dubai + 91 more",48 years old,1k-5k employees (India)
211,ACC,4.1,(1.3k Reviews),Public,"Mumbai,Maharashtra + 139 more",85 years old,5k-10k employees (India)
212,24/7 Customer,3.6,(1.3k Reviews),Private,"San Jose,California + 15 more",21 years old,5k-10k employees (India)
213,GlobalLogic,3.9,(1.3k Reviews),Private,"San Jose,California + 18 more",21 years old,5k-10k employees (India)
214,Pidilite Industrie...,4.4,(1.3k Reviews),Public,"Mumbai,Maharashtra + 141 more",62 years old,5k-10k employees (India)
215,Fortis Healthcare,4.1,(1.3k Reviews),Public,"Gurgaon/Gurugram,Haryana + 48 more",25 years old,10k-50k employees (Global)
216,Eureka Forbes,4.0,(1.3k Reviews),Private,"Mumbai,Maharashtra + 133 more",39 years old,10k-50k employees (Global)
217,Capita,3.7,(1.3k Reviews),Private,"Indore,Madhya Pradesh + 11 more",16 years old,1k-5k employees (India)
218,Jindal Steel and P...,3.9,(1.3k Reviews),Private,"Delhi/NCR,New Delhi + 73 more",69 years old,10k-50k employees (Global)
219,DHFL,4.5,(1.3k Reviews),Public,"Mumbai,Maharashtra + 185 more",37 years old,5k-10k employees (Global)
220,Patanjali Ayurved,3.9,(1.3k Reviews),Private,"Haridwar,Uttarakhand + 184 more",15 years old,10k-50k employees (Global)
221,Swiggy,4.1,(1.3k Reviews),Private,Bangalore + 110 more,7 years old,5k-10k employees (India)
222,Pfizer,4.2,(1.3k Reviews),Public,"Chennai,Tamil Nadu + 85 more",17 years old,1k-5k employees (India)
223,Randstad,4.1,(1.3k Reviews),Private,"Chennai,Tamil Nadu + 152 more",29 years old,1k-5k employees (India)
224,Ola Cabs,4.0,(1.3k Reviews),Private,"Bangalore/Bengaluru,Karnataka + 76 more",10 years old,1k-5k employees (India)
225,Dabur,4.2,(1.3k Reviews),Public,"Ghaziabad,Uttar Pradesh + 152 more",137 years old,5k-10k employees (Global)
226,Muthoot Finance,3.6,(1.3k Reviews),"Kochi/Cochin,Kerala + 284 more",82 years old,10k-50k employees (India),nan
227,Apollo Tyres,4.2,(1.3k Reviews),Public,"Gurgaon/Gurugram,Haryana + 114 more",49 years old,5k-10k employees (India)
228,RSPL Group,4.0,(1.3k Reviews),Private,"Mumbai,Maharashtra + 111 more",34 years old,10k-50k employees (Global)
229,Life Insurance Cor...,4.3,(1.3k Reviews),Private,Mumbai + 294 more,65 years old,1 Lakh+ employees (Global)
230,Whitehat jr,3.9,(1.3k Reviews),"Mumbai,Maharashtra + 33 more",3 years old,5k-10k employees (India),nan
231,Lifestyle,4.3,(1.3k Reviews),Private,"Bangalore/Bengaluru,Karnataka + 75 more",7 years old,10k-50k employees (India)
232,NIIT Technologies,3.4,(1.3k Reviews),Public,"Noida,Uttar Pradesh + 74 more",17 years old,5k-10k employees (Global)
233,G4S,4.2,(1.3k Reviews),Private,"Gurgaon/Gurugram,Haryana + 85 more",25 years old,1 Lakh+ employees (India)
234,Vishal Mega Mart,3.9,(1.3k Reviews),Private,"Ahmedabad,Gujrat + 186 more",13 years old,5k-10k employees (Global)
235,Dilip Buildcon,4.0,(1.3k Reviews),Public,"Bhopal,Madhya Pradesh + 114 more",34 years old,10k-50k employees (Global)
236,Maersk,4.2,(1.3k Reviews),Private,Copenhagen + 14 more,117 years old,5k-10k employees (India)
237,Max Healthcare,4.2,(1.2k Reviews),"Delhi/NCR,New Delhi + 44 more",20 years old,1k-5k employees (Global),nan
238,Ceat Tyres,4.2,(1.2k Reviews),Public,"Mumbai,Maharashtra + 76 more",63 years old,5k-10k employees (India)
239,MRF Tyres,3.7,(1.2k Reviews),Public,"Chennai,Tamil Nadu + 140 more",75 years old,10k-50k employees (Global)
240,PNB MetLife,3.7,(1.2k Reviews),Private,"Mumbai,Maharashtra + 187 more",20 years old,5k-10k employees (India)
241,Virtusa Consulting...,3.5,(1.2k Reviews),Private,"Southborough,Massachusetts + 17 more",25 years old,5k-10k employees (India)
242,BHEL,4.3,(1.2k Reviews),Private,"Bangalore/Bengaluru,Karnataka + 74 more",57 years old,10k-50k employees (Global)
243,Delhi Public Schoo...,3.8,(1.2k Reviews),Public,"Greater Noida,Uttar Pradesh + 179 more",23 years old,1k-5k employees (Global)
244,Conduent,3.6,(1.2k Reviews),Private,"Florham Park,New Jersey + 16 more",4 years old,5k-10k employees (India)
245,Kotak Mahindara Li...,3.8,(1.2k Reviews),"Mumbai,Maharashtra + 138 more",20 years old,10k-50k employees (Global),nan
246,café Coffee day,4.1,(1.2k Reviews),Private,"Bengaluru,Karnataka + 74 more",25 years old,5k-10k employees (Global)
247,MAGMA Fincorp,4.1,(1.2k Reviews),Public,"Mumbai,Maharashtra + 223 more",33 years old,5k-10k employees (Global)
248,Tata AIA Life Insu...,3.9,(1.2k Reviews),Private,"Mumbai,Maharashtra + 158 more",20 years old,10k-50k employees (Global)
249,Blue Dart Express,4.2,(1.2k Reviews),Public,"Mumbai,Maharashtra + 153 more",38 years old,10k-50k employees (India)
250,RBL Bank,3.7,(1.2k Reviews),Public,"Mumbai,Maharashtra + 147 more",78 years old,1k-5k employees (India)
251,Nestle,4.1,(1.2k Reviews),Public,Vevey + 149 more,62 years old,5k-10k employees (India)
252,Raymond,4.0,(1.2k Reviews),Public,"Thane,Maharashtra + 94 more",96 years old,1k-5k employees (India)
253,Escorts Group,4.2,(1.2k Reviews),Public,"Faridabad,Haryana + 78 more",61 years old,5k-10k employees (India)
254,Bhushan Power & St...,3.9,(1.1k Reviews),Private,"Delhi/NCR,New Delhi + 42 more",51 years old,5k-10k employees (Global)
255,Voltas,4.1,(1.1k Reviews),Public,"Mumbai,Maharashtra + 115 more",67 years old,10k-50k employees (Global)
256,Itc Infotech India,3.4,(1.1k Reviews),Private,"Bangalore/Bengaluru,Karnataka + 34 more",21 years old,5k-10k employees (Global)
257,PVR Cinemas,4.4,(1.1k Reviews),Public,Gurgaon + 79 more,24 years old,1k-5k employees (India)
258,Biocon Biologics I...,3.9,(1.1k Reviews),Public,"Bangalore/Bengaluru,Karnataka + 51 more",43 years old,10k-50k employees (Global)
259,GeBBS Healthcare S...,3.8,(1.1k Reviews),Private,"Culver City,California + 8 more",16 years old,1k-5k employees (India)
260,Aakash Institute,3.5,(1.1k Reviews),Private,"New Delhi,Delhi + 118 more",33 years old,5k-10k employees (India)
261,I Process Services,4.0,(1.1k Reviews),Private,"Delhi/NCR,Delhi + 167 more",16 years old,5k-10k employees (Global)
262,PolicyBazaar,3.7,(1.1k Reviews),Private,"Gurgaon/Gurugram,Haryana + 15 more",13 years old,5k-10k employees (India)
263,Mankind Pharma,4.1,(1.1k Reviews),Private,"New Delhi,Delhi + 125 more",26 years old,10k-50k employees (Global)
264,Big Bazaar,4.1,(1.1k Reviews),Private,"Mumbai,Maharashtra + 142 more",20 years old,10k-50k employees (Global)
265,HDFC Ergo General ...,3.9,(1.1k Reviews),Public,"Mumbai,Maharashtra + 123 more",19 years old,1k-5k employees (India)
266,Indian Navy,4.6,(1.1k Reviews),Private,"Delhi/NCR,Delhi + 51 more",71 years old,50k-1 Lakh employees (Global)
267,Sterling & Wilson,4.1,(1.1k Reviews),Private,"Mumbai,Maharashtra + 60 more",94 years old,1k-5k employees (India)
268,Suzuki,4.1,(1.1k Reviews),Private,"Vadodara/Baroda,Gujarat + 113 more",7 years old,1k-5k employees (India)
269,Birla Sun Life Ins...,4.2,(1.1k Reviews),"Mumbai,Maharashtra + 236 more",21 years old,10k-50k employees (Global),nan
270,Bank of America,4.3,(1.1k Reviews),Private,Charlotte + 25 more,23 years old,10k-50k employees (India)
271,JK Cement,4.2,(1.1k Reviews),Public,Iselin + 156 more,47 years old,1k-5k employees (India)
272,Reliance Digital,4.3,(1.1k Reviews),Private,"Mumbai,Maharashtra + 174 more",14 years old,1k-5k employees (India)
273,Renault-Nissan,4.1,(1.1k Reviews),"Chennai,Tamil Nadu + 52 more",11 years old,1 Lakh+ employees (Global),nan
274,JMC Projects,4.3,(1.1k Reviews),Public,"Mumbai,Maharashtra + 72 more",39 years old,1k-5k employees (India)
275,Emcure Pharmaceuti...,4.0,(1.1k Reviews),Private,Pune + 71 more,40 years old,10k-50k employees (Global)
276,Exide Life Insuran...,3.6,(1.1k Reviews),Private,"Bangalore/Bengaluru,Karnataka + 172 more",20 years old,1k-5k employees (India)
277,Aditya Birla Group,4.2,(1.1k Reviews),"Mumbai,Maharashtra + 151 more",164 years old,1 Lakh+ employees (India),nan
278,L&T Technology Ser...,3.2,(1.1k Reviews),"Vadodara/Baroda,Gujarat + 17 more",9 years old,10k-50k employees (Global),nan
279,The Himalaya Drug ...,4.2,(1.1k Reviews),Private,"Bangalore/Bengaluru,Karnataka + 121 more",91 years old,5k-10k employees (India)
280,AFCONS Infrastruct...,4.4,(1.1k Reviews),Partnership,"Mumbai,Maharashtra + 57 more",62 years old,5k-10k employees (India)
281,Tata AIG General I...,4.0,(1.1k Reviews),Private,"Mumbai,Maharashtra + 153 more",21 years old,1k-5k employees (Global)
282,Micro Labs,3.7,(1.1k Reviews),Private,"Bangalore/Bengaluru,Karnataka + 82 more",48 years old,10k-50k employees (Global)
283,Ajanta Pharma,4.0,(1.1k Reviews),Public,"Mumbai,Maharashtra + 77 more",48 years old,5k-10k employees (Global)
284,Blue Star,4.0,(1.1k Reviews),Public,"Mumbai,Maharashtra + 88 more",78 years old,1k-5k employees (India)
285,Yamaha Motor,4.0,(1k Reviews),Private,"Iwata,Shizuoka + 88 more",14 years old,1k-5k employees (India)
286,TVS Sundram Fasten...,3.9,(1k Reviews),Public,"Chennai,Tamil Nadu + 30 more",55 years old,10k-50k employees (Global)
287,Berger Paints,3.8,(1k Reviews),Public,"Kolkata,West Bengal + 143 more",98 years old,5k-10k employees (Global)
288,Cholamandalam MS G...,3.9,(1k Reviews),JV,"Chennai,Tamil Nadu + 234 more",20 years old,10k-50k employees (India)
289,Hyatt Regency,4.4,(1k Reviews),Private,"New Delhi,Delhi + 36 more",41 years old,1k-5k employees (India)
290,Indiabulls,3.8,(1k Reviews),Public,"Gurgaon/Gurugram,Haryana + 131 more",21 years old,10k-50k employees (India)
291,R.R. Donnelley,4.0,(1k Reviews),Private,"Chicago,Illinois + 7 more",157 years old,1-10 employees (India)
292,Sonalika Tractors,4.0,(1k Reviews),Private,"Hoshiarpur,Punjab + 103 more",52 years old,10k-50k employees (Global)
293,Exide Industries,3.8,(1k Reviews),Public,"Kolkata,West Bengal + 135 more",74 years old,10k-50k employees (Global)
294,Mahindra Holidays ...,3.7,(1k Reviews),Private,"Chennai,Tamil Nadu + 79 more",25 years old,1k-5k employees (India)
295,Karvy Data Managem...,3.5,(1k Reviews),Private,"Hyderabad/Secunderabad,Telangana + 81 more",13 years old,1k-5k employees (Global)
296,Utkarsh Small Fina...,3.9,(1k Reviews),Public,"Varanasi/Benaras,Uttar Pradesh + 153 more",12 years old,1k-5k employees (India)
297,ACT Fibernet,4.1,(1k Reviews),Private,"Bangalore/Bengaluru,Karnataka + 28 more",21 years old,5k-10k employees (India)
298,Thomson Reuters,4.3,(1k Reviews),Private,Toronto + 15 more,27 years old,10k-50k employees (India)
299,Wockhardt,4.2,(1k Reviews),Public,"Mumbai,Maharashtra + 66 more",22 years old,5k-10k employees (Global)
300,Aircel,4.4,(1k Reviews),Private,"Gurgaon/Gurugram,Haryana + 107 more",22 years old,5k-10k employees (Global)
301,Shahi Exports,4.1,(1k Reviews),Private,"Faridabad,Haryana + 43 more",47 years old,1 Lakh+ employees (Global)
302,Cogent E Services,3.2,(1k Reviews),Private,"Noida,Uttar Pradesh + 19 more",17 years old,5k-10k employees (Global)
303,Jet Airways,4.6,(1k Reviews),Public,"Mumbai,Maharashtra + 47 more",28 years old,10k-50k employees (Global)
304,Adani Power,4.1,(1k Reviews),Public,"Ahmedabad,Gujrat + 75 more",15 years old,1k-5k employees (Global)
305,Brakes India,4.2,(997 Reviews),"Chennai,Tamil Nadu + 47 more",59 years old,5k-10k employees (Global),nan
306,Force Motors,3.5,(997 Reviews),Public,"Pune,Maharashtra + 63 more",63 years old,5k-10k employees (Global)
307,GE,4.3,(995 Reviews),Private,"Boston,Massachusetts + 49 more",129 years old,10k-50k employees (India)
308,Fiserv,3.8,(991 Reviews),Private,"Mumbai,Maharashtra + 23 more",50 years old,501-1k employees (India)
309,InterGlobe Technol...,3.6,(989 Reviews),Public,"Gurgaon/Gurugram,Haryana + 27 more",23 years old,10k-50k employees (Global)
310,Mahindra Rural Hou...,4.1,(985 Reviews),Public,"Mumbai,Maharashtra + 235 more",14 years old,5k-10k employees (India)
311,GVK Emergency Mana...,3.9,(984 Reviews),"Hyderabad/Secunderabad,Telangana + 88 more",16 years old,10k-50k employees (Global),nan
312,Ekart Logistics,4.3,(983 Reviews),Private,"Bangalore/Bengaluru,Karnataka + 264 more",12 years old,5k-10k employees (India)
313,HDFC Sales,4.0,(980 Reviews),Private,"Mumbai,Maharashtra + 184 more",17 years old,5k-10k employees (Global)
314,Oberoi Group of Ho...,4.4,(978 Reviews),Private,"Delhi/NCR,Delhi + 27 more",87 years old,1k-5k employees (India)
315,Ambuja Cements,3.9,(977 Reviews),Public,"Mumbai,Maharashtra + 137 more",38 years old,1k-5k employees (Global)
316,Tata Motors Financ...,4.3,(972 Reviews),Private,"Mumbai,Maharashtra + 186 more",64 years old,1k-5k employees (Global)
317,Walmart,4.2,(972 Reviews),Private,"Bangalore/Bengaluru,Karnataka + 64 more",12 years old,5k-10k employees (India)
318,3i Infotech,3.7,(970 Reviews),Public,"Mumbai,Maharashtra + 71 more",28 years old,5k-10k employees (Global)
319,ADP Solutions,4.2,(969 Reviews),Public,"Roseland,New Jersey + 9 more",72 years old,1k-5k employees (India)
320,Access Healthcare,3.9,(968 Reviews),Private,"Dallas,Texas + 11 more",10 years old,1k-5k employees (India)
321,Sapient Corporatio...,3.8,(965 Reviews),Private,"New York,New York + 11 more",31 years old,5k-10k employees (India)
322,IndiGo,3.8,(963 Reviews),Private,"Gurgaon/Gurugram,Haryana + 56 more",16 years old,10k-50k employees (India)
323,Britannia,4.2,(962 Reviews),Public,"Bangalore/Bengaluru,Karnataka + 129 more",129 years old,1k-5k employees (Global)
324,Videocon d2h,3.9,(961 Reviews),Public,Mumbai + 128 more,12 years old,501-1k employees (India)
325,Sobha,4.0,(958 Reviews),Public,"Bangalore/Bengaluru,Karnataka + 30 more",26 years old,1k-5k employees (Global)
326,Amara Raja Group,4.2,(956 Reviews),Public,"Bangalore/Bengaluru,Karnataka + 67 more",36 years old,10k-50k employees (India)
327,Piramal Group,4.0,(955 Reviews),Private,Mumbai + 89 more,41 years old,1k-5k employees (India)
328,Zensar Technologie...,3.6,(952 Reviews),Public,"Pune,Maharashtra + 13 more",30 years old,10k-50k employees (Global)
329,Taj Hotels Resorts...,4.3,(948 Reviews),"Mumbai,Maharashtra + 60 more",118 years old,10k-50k employees (Global),nan
330,Dalmia Bharat Ceme...,4.1,(941 Reviews),Public,"Delhi/NCR,New Delhi + 116 more",86 years old,50k-1 Lakh employees (Global)
331,JK Tyres,3.8,(940 Reviews),Private,New Delhi + 91 more,70 years old,1k-5k employees (India)
332,Shree Cement,4.3,(932 Reviews),Public,"Kolkata,West Bengal + 121 more",42 years old,5k-10k employees (India)
333,Karvy Fintech,3.6,(931 Reviews),"Hyderabad/Secunderabad,Telangana + 67 more",43 years old,5k-10k employees (Global),nan
334,Gabriel India,4.4,(927 Reviews),Public,"Pune,Maharashtra + 29 more",60 years old,1k-5k employees (India)
335,Whirlpool,4.1,(926 Reviews),Public,"Gurgaon/Gurugram,Haryana + 98 more",19 years old,1k-5k employees (India)
336,Aon,3.9,(925 Reviews),Private,London + 15 more,81 years old,10k-50k employees (India)
337,United Phosphorus,4.3,(923 Reviews),Public,"Mumbai,Maharashtra + 85 more",52 years old,1k-5k employees (India)
338,Indus Towers,4.0,(922 Reviews),Private,"Gurgaon/Gurugram,Haryana + 82 more",14 years old,1k-5k employees (India)
339,Power Mech Project...,3.9,(915 Reviews),Public,"Hyderabad/Secunderabad,Telangana + 78 more",14 years old,10k-50k employees (Global)
340,Parle Agro,4.3,(914 Reviews),Private,"Mumbai,Maharashtra + 114 more",37 years old,1k-5k employees (India)
341,GSK Pharmaceutical...,4.3,(913 Reviews),Middlesex + 118 more,191 years old,1k-5k employees (India),nan
342,Delphi TVS,4.1,(912 Reviews),Private,"Kanchipuram,Tamil Nadu + 18 more",32 years old,1k-5k employees (Global)
343,Tata Technologies,3.2,(911 Reviews),Private,Singapore + 28 more,32 years old,5k-10k employees (India)
344,Sigma Electric Man...,3.9,(906 Reviews),Private,"Garner,North Carolina + 13 more",39 years old,1k-5k employees (India)
345,Lucas-TVS,4.0,(905 Reviews),Private,"Chennai,Tamil Nadu + 39 more",60 years old,1k-5k employees (India)
346,Crompton Greaves,4.0,(902 Reviews),Public,"Mumbai,Maharashtra + 70 more",84 years old,1k-5k employees (Global)
347,AXA Business Servi...,3.8,(894 Reviews),Private,"Bangalore/Bengaluru,Karnataka + 5 more",26 years old,1k-5k employees (Global)
348,V-mart,4.3,(894 Reviews),Public,"Gurgaon/Gurugram,Haryana + 152 more",19 years old,5k-10k employees (India)
349,Shriram City Union...,4.2,(893 Reviews),Public,"Chennai,Tamil Nadu + 279 more",35 years old,10k-50k employees (India)
350,IDBI Bank,3.9,(892 Reviews),Public,"Mumbai,Maharashtra + 213 more",57 years old,10k-50k employees (Global)
351,Lenskart,2.9,(891 Reviews),Private,"Faridabad,Haryana + 79 more",11 years old,5k-10k employees (Global)
352,AGS Health,4.0,(890 Reviews),Private,"Washington,D.C. + 17 more",10 years old,5k-10k employees (Global)
353,ICICI Securities,3.6,(888 Reviews),Public,"Mumbai,Maharashtra + 88 more",26 years old,5k-10k employees (Global)
354,Bharti AXA Life In...,3.9,(888 Reviews),Private,Mumbai + 166 more,15 years old,1k-5k employees (Global)
355,CMS Infosystems,3.8,(886 Reviews),Private,"Mumbai,Maharashtra + 115 more",13 years old,50k-1 Lakh employees (Global)
356,DS Group,4.1,(886 Reviews),Private,"Noida,Uttar Pradesh + 92 more",92 years old,1k-5k employees (India)
357,Endurance Technolo...,3.7,(885 Reviews),Public,"Aurangabad,Maharashtra + 24 more",36 years old,1k-5k employees (Global)
358,Aarti Industries,4.2,(882 Reviews),Public,"Mumbai,Maharashtra + 24 more",46 years old,1k-5k employees (India)
359,TVS Credit Service...,4.2,(881 Reviews),Public,"Chennai,Tamil Nadu + 173 more",13 years old,10k-50k employees (Global)
360,Hindustan Aeronaut...,4.4,(878 Reviews),Private,"Bangalore/Bengaluru,Karnataka + 31 more",81 years old,10k-50k employees (Global)
361,Bharat Petroleum,4.2,(877 Reviews),Private,"Mumbai,Maharashtra + 150 more",69 years old,10k-50k employees (Global)
362,Cadila Pharmaceuti...,3.9,(873 Reviews),Public,"Ahmedabad,Gujrat + 87 more",70 years old,5k-10k employees (India)
363,R1 RCM,3.8,(864 Reviews),Private,"Chicago,Illinois + 10 more",18 years old,1k-5k employees (India)
364,Narayana Health,4.3,(860 Reviews),"Bangalore/Bengaluru,Karnataka + 45 more",21 years old,10k-50k employees (Global),nan
365,Rane (Madras),4.1,(859 Reviews),Public,"Vallancherry,Tamil Nadu + 43 more",24 years old,1k-5k employees (India)
366,Datamatics Global ...,3.6,(856 Reviews),Public,Mumbai + 17 more,46 years old,10k-50k employees (Global)
367,Kalpataru Power Tr...,4.1,(855 Reviews),Public,"Mumbai,Maharashtra + 114 more",40 years old,1k-5k employees (Global)
368,Metro,4.1,(853 Reviews),Private,"Bangalore/Bengaluru,Karnataka + 48 more",57 years old,1k-5k employees (India)
369,Future Generali In...,3.8,(853 Reviews),Private,Mumbai + 118 more,14 years old,1k-5k employees (India)
370,Tata Capital Finan...,4.3,(852 Reviews),Public,Mumbai + 99 more,14 years old,5k-10k employees (Global)
371,MetLife,4.3,(851 Reviews),Private,New York + 36 more,13 years old,5k-10k employees (India)
372,Sopra Steria,4.1,(849 Reviews),Private,"Paris,Ile-de-France + 9 more",53 years old,1k-5k employees (India)
373,Hindustan Construc...,4.1,(848 Reviews),Public,"Mumbai,Maharashtra + 49 more",95 years old,1k-5k employees (Global)
374,Reliance Trends,4.3,(845 Reviews),Private,"Navi Mumbai,Maharashtra + 195 more",15 years old,1 Lakh+ employees (India)
375,SRF,4.3,(845 Reviews),Public,"Gurgaon/Gurugram,Haryana + 32 more",51 years old,5k-10k employees (Global)
376,BT Group,4.1,(844 Reviews),Private,London + 11 more,175 years old,5k-10k employees (India)
377,Johnson Controls,3.7,(843 Reviews),Public,Cork + 47 more,26 years old,5k-10k employees (India)
378,Parle Products,4.0,(842 Reviews),Private,Mumbai + 110 more,92 years old,50k-1 Lakh employees (Global)
379,Kansai Nerolac Pai...,3.9,(841 Reviews),Public,"Mumbai,Maharashtra + 108 more",101 years old,1k-5k employees (India)
380,Punj Lloyd,4.2,(840 Reviews),Public,"Gurgaon/Gurugram,Haryana + 66 more",39 years old,5k-10k employees (Global)
381,Saint-Gobain,4.1,(838 Reviews),Private,Paris + 51 more,356 years old,10k-50k employees (India)
382,Myntra,4.1,(837 Reviews),Private,"Bangalore/Bengaluru,Karnataka + 68 more",14 years old,1k-5k employees (India)
383,ITC Hotels,4.0,(834 Reviews),Public,"Kolkata,West Bengal + 58 more",46 years old,10k-50k employees (Global)
384,Statestreet HCL Se...,3.4,(833 Reviews),Private,New Delhi + 8 more,9 years old,5k-10k employees (Global)
385,jCB,4.1,(833 Reviews),Private,"Rocester,Staffordshire + 59 more",76 years old,1k-5k employees (India)
386,Coromandel Interna...,4.2,(832 Reviews),Public,"Hyderabad/Secunderabad,Telangana + 106 more",60 years old,5k-10k employees (Global)
387,Persistent Systems,4.1,(830 Reviews),Public,"Pune,Maharashtra + 5 more",31 years old,10k-50k employees (Global)
388,Dainik Bhaskar Gro...,3.9,(828 Reviews),Public,"Bhopal,Madhya Pradesh + 102 more",63 years old,5k-10k employees (Global)
389,Barclays Shared Se...,4.2,(827 Reviews),Private,London + 9 more,14 years old,10k-50k employees (Global)
390,WABCO,4.0,(826 Reviews),Public,Berne + 26 more,52 years old,1k-5k employees (India)
391,Uflex,3.8,(824 Reviews),Public,"Noida,Uttar Pradesh + 30 more",38 years old,5k-10k employees (Global)
392,CARS24.com,3.8,(823 Reviews),Private,"Gurgaon/Gurugram,Haryana + 83 more",6 years old,1k-5k employees (India)
393,Quest Global,3.3,(819 Reviews),Private,Singapore + 19 more,24 years old,10k-50k employees (India)
394,Iksula,4.0,(818 Reviews),"Mumbai,Maharashtra + 114 more",14 years old,1k-5k employees (Global),nan
395,Aforeserve.com,3.4,(817 Reviews),Private,"Noida,Uttar Pradesh + 114 more",21 years old,1k-5k employees (Global)
396,Inox Leisure,4.1,(813 Reviews),Public,"Mumbai,Maharashtra + 74 more",22 years old,1k-5k employees (Global)
397,Sterlite Technolog...,4.1,(812 Reviews),Public,"Pune,Maharashtra + 48 more",33 years old,1k-5k employees (India)
398,Panasonic,4.2,(810 Reviews),Private,"Kadoma,Osaka + 96 more",103 years old,10k-50k employees (India)
399,Grasim Industries,4.1,(808 Reviews),Public,Nagda + 43 more,74 years old,10k-50k employees (Global)
400,Max Fashion,4.3,(807 Reviews),Private,Abu Dhabi + 101 more,7 years old,5k-10k employees (India)
401,Societe Generale,3.8,(803 Reviews),Private,"Bangalore/Bengaluru,Karnataka + 10 more",21 years old,1k-5k employees (India)
402,Lodha group,4.2,(803 Reviews),Private,"Mumbai,Maharashtra + 15 more",41 years old,5k-10k employees (Global)
403,Serco,4.2,(801 Reviews),Private,Hook + 37 more,33 years old,5k-10k employees (India)
404,Bureau Veritas,3.9,(800 Reviews),Private,La Défense + 59 more,193 years old,1k-5k employees (India)
405,Adani Wilmar,4.1,(797 Reviews),Public,"Ahmedabad,Gujrat + 95 more",33 years old,1k-5k employees (India)
406,Johnson & Johnson,4.3,(794 Reviews),Private,"New Brunswick,New Jersey + 98 more",64 years old,5k-10k employees (India)
407,Dell EMC,4.0,(792 Reviews),Private,Hopkinton + 44 more,42 years old,10k-50k employees (India)
408,Foxconn,4.1,(791 Reviews),Private,Taipei + 22 more,47 years old,10k-50k employees (India)
409,Mahindra Logistic,4.1,(791 Reviews),Public,"Mumbai,Maharashtra + 78 more",21 years old,1k-5k employees (Global)
410,Marriott Internati...,4.2,(791 Reviews),Private,"Bethesda,Maryland + 55 more",94 years old,10k-50k employees (India)
411,The Jaypee Group,4.2,(791 Reviews),Public,"Noida,Uttar Pradesh + 75 more",42 years old,10k-50k employees (India)
412,Vertex Customer So...,3.6,(791 Reviews),Private,Panchkula + 30 more,11 years old,1k-5k employees (Global)
413,Honeywell Automati...,3.9,(790 Reviews),Public,"Morris Plains,New Jersey + 42 more",115 years old,1 Lakh+ employees (Global)
414,Yazaki,4.0,(790 Reviews),Private,"Tokyo,Tokyo + 32 more",80 years old,10k-50k employees (India)
415,Birlasoft,3.6,(789 Reviews),Public,"Pune,Maharashtra + 16 more",26 years old,5k-10k employees (Global)
416,Info Edge,3.9,(789 Reviews),Public,"Noida,Uttar Pradesh + 43 more",26 years old,1k-5k employees (Global)
417,Sony,4.4,(786 Reviews),Public,"Delhi/NCR,Delhi + 100 more",27 years old,1 Lakh+ employees (Global)
418,Toyota Kirloskar M...,4.2,(784 Reviews),Private,"Bangalore/Bengaluru,Karnataka + 50 more",24 years old,5k-10k employees (Global)
419,XcelServ Solutions,4.8,(783 Reviews),Private,"Las Vegas,Nevada + 34 more",10 years old,501-1k employees (India)
420,Cromā,4.4,(783 Reviews),Private,"Mumbai,Maharashtra + 58 more",15 years old,1k-5k employees (India)
421,Kent RO Systems,3.6,(781 Reviews),Private,"Noida,Uttar Pradesh + 104 more",22 years old,1k-5k employees (Global)
422,Sify Technologies,4.0,(777 Reviews),Private,"Chennai,Tamil Nadu + 66 more",26 years old,1k-5k employees (Global)
423,Procter & Gamble,4.3,(774 Reviews),Public,"Cincinnati,Ohio + 136 more",184 years old,5k-10k employees (India)
424,Reckitt Benckiser,4.1,(769 Reviews),Private,Slough + 83 more,22 years old,1k-5k employees (India)
425,Essar Steel,3.9,(768 Reviews),Private,"Mumbai,Maharashtra + 29 more",45 years old,10k-50k employees (Global)
426,Akums Drugs & Phar...,4.2,(768 Reviews),Private,"Delhi/NCR,New Delhi + 21 more",17 years old,5k-10k employees (Global)
427,Consolidated Contr...,4.6,(767 Reviews),Public,"Marousi,Alger + 33 more",69 years old,1k-5k employees (India)
428,KFC,4.2,(764 Reviews),Private,"Louisville,Kentucky + 104 more",69 years old,1k-5k employees (India)
429,Angel Broking,3.9,(761 Reviews),Private,"Mumbai,Maharashtra + 95 more",29 years old,1k-5k employees (India)
430,Adecco Group,3.9,(760 Reviews),Private,"Bangalore/Bengaluru,Karnataka + 96 more",22 years old,1k-5k employees (India)
431,Bharat Financial I...,4.1,(760 Reviews),Public,Hyderabad + 184 more,23 years old,10k-50k employees (India)
432,CSS Corp,3.7,(759 Reviews),Private,"San Jose,California + 18 more",25 years old,1k-5k employees (India)
433,Narayana Education...,3.7,(759 Reviews),Private,"Hyderabad/Secunderabad,Telangana + 77 more",36 years old,10k-50k employees (Global)
434,Syngene Internatio...,3.8,(759 Reviews),Public,"Bangalore/Bengaluru,Karnataka + 10 more",28 years old,1k-5k employees (India)
435,SGS,3.9,(758 Reviews),Private,"Geneva,Geneva + 67 more",143 years old,1k-5k employees (India)
436,TVS Logistics Serv...,4.1,(758 Reviews),Private,"Chennai,Tamil Nadu + 74 more",17 years old,10k-50k employees (Global)
437,Ninjacart,3.3,(755 Reviews),Private,"Bangalore/Bengaluru,Karnataka + 51 more",6 years old,1k-5k employees (Global)
438,ValueLabs,3.4,(755 Reviews),Private,"Hyderabad/Secunderabad,Telangana + 9 more",24 years old,5k-10k employees (Global)
439,Novartis Healthcar...,4.3,(755 Reviews),Public,"Mumbai,Maharashtra + 45 more",25 years old,1k-5k employees (India)
440,Edelweiss,3.8,(753 Reviews),Public,"Mumbai,Maharashtra + 94 more",4 years old,10k-50k employees (Global)
441,Tata Sky,4.1,(751 Reviews),Public,"Mumbai,Maharashtra + 125 more",15 years old,1k-5k employees (India)
442,Dr Lal PathLabs,4.2,(749 Reviews),Public,"Gurgaon/Gurugram,Haryana + 96 more",72 years old,1k-5k employees (Global)
443,Badve Engineering,4.0,(745 Reviews),Private,"Aurangabad,Maharashtra + 29 more",25 years old,1k-5k employees (Global)
444,Mother Dairy Fruit...,4.1,(740 Reviews),Private,"Noida,Uttar Pradesh + 82 more",47 years old,5k-10k employees (Global)
445,BA Continuum,4.4,(740 Reviews),Private,"Gurgaon/Gurugram,Haryana + 11 more",18 years old,1k-5k employees (India)
446,Tech Mahindra Busi...,3.4,(738 Reviews),"Mumbai,Maharashtra + 21 more",18 years old,5k-10k employees (Global),nan
447,SRL Diagnostics,4.1,(737 Reviews),Private,"Gurgaon/Gurugram,Haryana + 98 more",26 years old,5k-10k employees (Global)
448,DHL Express,4.2,(737 Reviews),Private,Bonn + 68 more,42 years old,1k-5k employees (India)
449,Kotak Securities,3.8,(735 Reviews),Private,"Mumbai,Maharashtra + 81 more",27 years old,5k-10k employees (Global)
450,Ocwen Financial So...,4.0,(733 Reviews),Private,"West Palm Beach,Florida + 6 more",33 years old,1k-5k employees (India)
451,RMSI,3.8,(732 Reviews),Private,"Noida,Uttar Pradesh + 9 more",29 years old,1k-5k employees (Global)
452,Cybage,3.8,(732 Reviews),Private,"Pune,Maharashtra + 3 more",26 years old,1k-5k employees (Global)
453,Exl India,3.7,(731 Reviews),New Delhi + 19 more,64 years old,10k-50k employees (Global),nan
454,Reliance General I...,3.9,(729 Reviews),Private,"Mumbai,Maharashtra + 128 more",21 years old,5k-10k employees (Global)
455,Extramarks Educati...,3.0,(729 Reviews),Private,"Noida,Uttar Pradesh + 74 more",14 years old,1k-5k employees (Global)
456,Emami,4.0,(729 Reviews),Public,"Kolkata,West Bengal + 109 more",47 years old,10k-50k employees (India)
457,Aricent,3.7,(729 Reviews),Private,"Santa Clara,California + 11 more",39 years old,5k-10k employees (India)
458,Vfs Global Service...,3.8,(728 Reviews),Private,"Mumbai,Maharashtra + 21 more",20 years old,5k-10k employees (Global)
459,Gannon Dunkerley,4.0,(727 Reviews),Private,"Mumbai,Maharashtra + 47 more",97 years old,10k-50k employees (Global)
460,Shell,4.2,(726 Reviews),Private,"Bangalore/Bengaluru,Karnataka + 57 more",17 years old,50k-1 Lakh employees (Global)
461,Barclays,4.1,(723 Reviews),Private,London + 18 more,331 years old,5k-10k employees (India)
462,Cavinkare,4.1,(721 Reviews),Private,"Chennai,Tamil Nadu + 95 more",38 years old,1k-5k employees (Global)
463,Verizon,4.0,(720 Reviews),Private,"New York,New York + 6 more",21 years old,5k-10k employees (India)
464,Microland,3.6,(718 Reviews),Public,"Bangalore/Bengaluru,Karnataka + 27 more",32 years old,1k-5k employees (Global)
465,Satin Creditcare N...,4.2,(713 Reviews),Public,"Gurgaon/Gurugram,Haryana + 149 more",31 years old,5k-10k employees (India)
466,Varroc Group,3.8,(713 Reviews),Public,Aurangabad + 23 more,33 years old,10k-50k employees (Global)
467,Bank of Baroda,3.7,(711 Reviews),Private,"Vadodara/Baroda,Gujrat + 148 more",113 years old,50k-1 Lakh employees (Global)
468,Indian Air Force,4.5,(708 Reviews),Private,"New Delhi,Delhi + 78 more",89 years old,1 Lakh+ employees (Global)
469,HCL Technologies B...,3.6,(708 Reviews),Private,Noida + 23 more,21 years old,10k-50k employees (Global)
470,Fujitsu,3.8,(707 Reviews),Private,"Bangalore/Bengaluru,Karnataka + 12 more",86 years old,1 Lakh+ employees (Global)
471,KocharTech,3.9,(706 Reviews),Private,"Gurgaon/Gurugram,Haryana + 17 more",26 years old,1k-5k employees (India)
472,Grofers,4.0,(706 Reviews),Private,"Gurgaon/Gurugram,Haryana + 34 more",8 years old,1k-5k employees (India)
473,USHA International,4.2,(704 Reviews),Public,"Gurgaon/Gurugram,Haryana + 71 more",87 years old,5k-10k employees (Global)
474,Medanta the Medici...,4.1,(703 Reviews),Private,Gurgaon + 24 more,12 years old,1k-5k employees (Global)
475,First American Cor...,4.0,(703 Reviews),Private,"Santa Ana,California + 8 more",132 years old,1k-5k employees (India)
476,Synechron,3.9,(702 Reviews),Private,"New York,New York + 8 more",20 years old,5k-10k employees (India)
477,AECOM,4.0,(700 Reviews),Private,"Los Angeles,California + 71 more",31 years old,1k-5k employees (India)
478,JW Marriott,4.3,(694 Reviews),Private,"Bethesda,Maryland + 32 more",94 years old,1k-5k employees (India)
479,Trident Group,3.8,(694 Reviews),Public,"Ludhiana,Punjab + 33 more",31 years old,10k-50k employees (Global)
480,FedEx Express,4.3,(693 Reviews),Private,"Memphis,Tennessee + 70 more",50 years old,1k-5k employees (India)
481,Motherson Automoti...,4.1,(693 Reviews),Private,Noida + 33 more,24 years old,10k-50k employees (Global)
482,Pantaloons,4.2,(692 Reviews),"Mumbai,Maharashtra + 98 more",24 years old,5k-10k employees (Global),nan
483,Bharat Forge,3.9,(692 Reviews),Public,"Pune,Maharashtra + 11 more",60 years old,1k-5k employees (Global)
484,ISS Facility Servi...,4.3,(690 Reviews),Private,Copenhagen + 43 more,16 years old,50k-1 Lakh employees (India)
485,Medi Assist India,3.8,(690 Reviews),Private,"Bangalore/Bengaluru,Karnataka + 38 more",19 years old,1k-5k employees (Global)
486,Akzo Nobel India,4.2,(690 Reviews),Public,Amsterdam + 99 more,82 years old,1k-5k employees (India)
487,State Street Corpo...,3.6,(690 Reviews),Private,Massachusetts + 9 more,11 years old,5k-10k employees (India)
488,Intex Technologies,4.0,(690 Reviews),Public,"Delhi/NCR,New Delhi + 68 more",25 years old,10k-50k employees (Global)
489,BlackBuck,3.8,(689 Reviews),Private,"Bangalore/Bengaluru,Karnataka + 114 more",6 years old,1k-5k employees (India)
490,Sitel,3.8,(688 Reviews),Private,"Miami,Florida + 8 more",36 years old,1k-5k employees (India)
491,Bayer,4.4,(687 Reviews),Public,"Thane,Maharashtra + 133 more",158 years old,10k-50k employees (India)
492,Innovsource Servic...,4.1,(685 Reviews),"Mumbai,Maharashtra + 104 more",17 years old,1k-5k employees (Global),nan
493,Jindal Stainless,4.1,(685 Reviews),Public,"Delhi/NCR,New Delhi + 36 more",51 years old,10k-50k employees (India)
494,Swaraj Tractors,4.3,(684 Reviews),"Mumbai,Maharashtra + 84 more",59 years old,nan,nan
495,Allsec Technologie...,3.7,(684 Reviews),Public,"Bangalore/Bengaluru,Karnataka + 13 more",21 years old,1k-5k employees (Global)
496,Hindustan Petroleu...,4.3,(682 Reviews),Public,"Mumbai,Maharashtra + 113 more",47 years old,10k-50k employees (Global)
497,Safexpress,4.1,(679 Reviews),Private,"Delhi/NCR,Delhi + 93 more",24 years old,1k-5k employees (Global)
498,Vardhman Textiles,4.1,(676 Reviews),Public,Ludhiana + 40 more,59 years old,10k-50k employees (Global)
499,L.G.Balakrishnan &...,3.9,(675 Reviews),Public,"Coimbatore,Tamil Nadu + 28 more",84 years old,1k-5k employees (Global)
500,Cinépolis,4.4,(675 Reviews),Morelia + 42 more,50 years old,501-1k employees (India),nan
501,Nayara Energy,4.1,(674 Reviews),"Mumbai,Maharashtra + 55 more",32 years old,1k-5k employees (Global),nan
502,NCR Corporation,3.9,(674 Reviews),Private,"Atlanta,Georgia + 52 more",137 years old,5k-10k employees (India)
503,DIVI'S Laboratorie...,3.6,(673 Reviews),Public,"Hyderabad/Secunderabad,Telangana + 12 more",31 years old,10k-50k employees (Global)
504,NTPC,4.2,(673 Reviews),Private,"Delhi/NCR,Delhi + 67 more",46 years old,10k-50k employees (India)
505,Tesco,4.1,(673 Reviews),Private,Hertfordshire + 14 more,102 years old,1k-5k employees (India)
506,Canara HSBC OBC Li...,3.6,(672 Reviews),Public,"Gurgaon/Gurugram,Haryana + 136 more",13 years old,1k-5k employees (Global)
507,Aavas Financiers,4.0,(672 Reviews),Public,"Jaipur,Rajasthan + 144 more",10 years old,5k-10k employees (Global)
508,SLK Global Service...,3.9,(671 Reviews),Private,"Dallas,Texas + 5 more",21 years old,51-200 employees (India)
509,Relaxo Footwear,4.0,(671 Reviews),Public,"New Delhi,Delhi + 82 more",45 years old,5k-10k employees (Global)
510,Volkswagen,4.4,(671 Reviews),Private,Berlin + 78 more,20 years old,10k-50k employees (India)
511,Petrofac,4.3,(668 Reviews),Private,"Sharjah,Sharjah + 25 more",30 years old,1k-5k employees (India)
512,Tikona Infinet,3.9,(667 Reviews),Private,"Mumbai,Maharashtra + 41 more",13 years old,1k-5k employees (Global)
513,KONE,4.2,(666 Reviews),Private,"Chennai,Tamil Nadu + 49 more",37 years old,1k-5k employees (India)
514,iQor Global Servic...,4.0,(665 Reviews),Private,"Saint Petersburg,Florida + 47 more",23 years old,1k-5k employees (India)
515,Altisource,3.6,(664 Reviews),Private,"Bangalore/Bengaluru,Karnataka + 8 more",14 years old,5k-10k employees (Global)
516,USV,4.1,(664 Reviews),Private,"Mumbai,Maharashtra + 67 more",60 years old,1k-5k employees (Global)
517,Saipem,4.4,(664 Reviews),Private,"San Donato Milanese,Milan + 27 more",64 years old,1k-5k employees (India)
518,Trent,4.3,(663 Reviews),Public,"Mumbai,Maharashtra + 73 more",23 years old,1k-5k employees (India)
519,J. Kumar Infraproj...,4.0,(661 Reviews),Public,"Mumbai,Maharashtra + 23 more",41 years old,1k-5k employees (Global)
520,Star Health & Alli...,4.0,(661 Reviews),Private,"Chennai,Tamil Nadu + 155 more",15 years old,5k-10k employees (Global)
521,Zomato,3.9,(661 Reviews),Private,"Gurgaon/Gurugram,Haryana + 106 more",13 years old,1k-5k employees (India)
522,Exela Technologies,3.6,(660 Reviews),Private,"Irving,Texas + 13 more",10 years old,1k-5k employees (India)
523,Fabindia,4.0,(659 Reviews),Private,"Delhi/NCR,Delhi + 67 more",63 years old,501-1k employees (Global)
524,Factset Research S...,4.0,(658 Reviews),Private,"Norwalk,Connecticut + 4 more",14 years old,1k-5k employees (India)
525,Indiabulls Home Lo...,4.1,(658 Reviews),"Gurgaon/Gurugram,Haryana + 99 more",16 years old,5k-10k employees (India),nan
526,Welspun India,4.0,(658 Reviews),Private,Mumbai + 27 more,36 years old,201-500 employees (Global)
527,Philips,4.0,(657 Reviews),Private,Amsterdam + 65 more,91 years old,5k-10k employees (India)
528,Laurus Labs,4.3,(656 Reviews),Public,"Hyderabad/Secunderabad,Telangana + 4 more",16 years old,1k-5k employees (India)
529,HDFC Securities,3.6,(656 Reviews),Public,"Mumbai,Maharashtra + 121 more",21 years old,1k-5k employees (Global)
530,Harman Connected S...,3.8,(654 Reviews),Private,"Mountain View,California + 7 more",20 years old,1k-5k employees (India)
531,renault nissan tec...,3.8,(653 Reviews),Chennai + 9 more,nan,nan,nan
532,G R Infraprojects,4.1,(652 Reviews),Public,"Udaipur,Rajasthan + 83 more",26 years old,10k-50k employees (India)
533,Schindler Group,3.9,(649 Reviews),Private,"Ebikon,Lucerne + 47 more",24 years old,1k-5k employees (India)
534,Steel Strips Wheel...,3.5,(646 Reviews),Public,"Chandigarh,Chandigarh + 23 more",36 years old,50k-1 Lakh employees (Global)
535,Aptara,3.5,(646 Reviews),Private,"Falls Church,Virginia + 9 more",33 years old,1k-5k employees (India)
536,Torrent Power,3.9,(645 Reviews),Public,"Ahmedabad,Gujrat + 27 more",25 years old,5k-10k employees (Global)
537,Mercedes-Benz Rese...,3.8,(645 Reviews),Private,Stuttgart + 44 more,25 years old,1k-5k employees (India)
538,Cisco Systems,4.4,(644 Reviews),Private,"San Jose,California + 25 more",37 years old,10k-50k employees (India)
539,Sharekhan,4.1,(644 Reviews),Public,"Mumbai,Maharashtra + 96 more",21 years old,1k-5k employees (India)
540,Northern Trust Ope...,4.1,(643 Reviews),Private,"Bangalore/Bengaluru,Karnataka + 10 more",16 years old,10k-50k employees (Global)
541,Columbia Asia,4.3,(643 Reviews),Private,"Bangalore/Bengaluru,Karnataka + 18 more",16 years old,5k-10k employees (Global)
542,Heritage Foods Ind...,4.0,(643 Reviews),Public,"Hyderabad/Secunderabad,Telangana + 59 more",29 years old,1k-5k employees (Global)
543,GMR Group,4.2,(640 Reviews),Public,"Delhi/NCR,New Delhi + 42 more",43 years old,5k-10k employees (Global)
544,Crisil,3.6,(638 Reviews),Public,"Mumbai,Maharashtra + 42 more",34 years old,1k-5k employees (India)
545,Motilal Oswal Fina...,3.7,(637 Reviews),Public,"Mumbai,Maharashtra + 75 more",34 years old,5k-10k employees (India)
546,Sysnet Global Tech...,3.8,(637 Reviews),Private,"Delhi/NCR,Delhi + 86 more",22 years old,1k-5k employees (Global)
547,TCE,3.6,(634 Reviews),Private,"Mumbai,Maharashtra + 58 more",59 years old,1k-5k employees (Global)
548,ISGEC,4.0,(630 Reviews),Public,"Noida,Uttar Pradesh + 41 more",88 years old,1k-5k employees (Global)
549,Unisys,3.6,(629 Reviews),Private,"Blue Bell,Pennsylvania + 8 more",34 years old,1k-5k employees (India)
550,DENSO,4.0,(627 Reviews),Public,"Kariya,Aichi + 31 more",74 years old,501-1k employees (India)
551,Faurecia,4.0,(626 Reviews),Private,Nanterre + 20 more,24 years old,1k-5k employees (India)
552,Amity University,3.8,(626 Reviews),Private,"Noida,Uttar Pradesh + 61 more",16 years old,501-1k employees (Global)
553,Jubilant Life Scie...,4.0,(625 Reviews),Public,"Noida,Uttar Pradesh + 39 more",43 years old,5k-10k employees (Global)
554,Lumax Industries,4.1,(622 Reviews),Public,"Pune,Maharashtra + 25 more",76 years old,5k-10k employees (Global)
555,CMA CGM,4.0,(622 Reviews),Private,"Marseille,Marseille + 16 more",43 years old,501-1k employees (India)
556,Bata,4.0,(620 Reviews),Public,Lausanne + 77 more,90 years old,1k-5k employees (India)
557,NSH,3.9,(620 Reviews),Private,Al Jubail + 29 more,43 years old,501-1k employees (India)
558,NIIT,3.6,(620 Reviews),Gurgaon/Gurugram + 77 more,1k-5k employees (India),nan,nan
559,HERE Technologies,4.0,(619 Reviews),Private,"Eindhoven,North Brabant + 8 more",36 years old,1k-5k employees (India)
560,AIS Distribution S...,3.8,(618 Reviews),Public,"Gurgaon/Gurugram,Haryana + 44 more",37 years old,1k-5k employees (Global)
561,Yash Technologies,3.8,(617 Reviews),Private,"East Moline,Illinois + 10 more",25 years old,5k-10k employees (India)
562,Security and Intel...,4.2,(613 Reviews),"Delhi/NCR,Delhi + 103 more",36 years old,1 Lakh+ employees (Global),nan
563,SKF,4.0,(612 Reviews),Public,"Pune,Maharashtra + 43 more",98 years old,10k-50k employees (Global)
564,Paisabazaar.com,3.9,(610 Reviews),Private,"Gurgaon/Gurugram,Haryana + 6 more",10 years old,1k-5k employees (India)
565,CRB Tech Solution,4.4,(610 Reviews),Private,"Pune,Maharashtra + 3 more",20 years old,201-500 employees (Global)
566,Citibank,4.1,(610 Reviews),Private,"New York,New York + 36 more",209 years old,10k-50k employees (India)
567,Intellect Design A...,3.9,(606 Reviews),Public,"Chennai,Tamil Nadu + 20 more",7 years old,1k-5k employees (Global)
568,ECIL,4.1,(606 Reviews),Public,"Hyderabad/Secunderabad,Telangana + 26 more",54 years old,10k-50k employees (Global)
569,Minda Industries,3.9,(606 Reviews),Public,"Gurgaon/Gurugram,Haryana + 34 more",63 years old,1k-5k employees (Global)
570,Aragen Life Scienc...,4.3,(605 Reviews),Private,"Hyderabad/Secunderabad,Telangana + 10 more",21 years old,1k-5k employees (India)
571,IDC Technologies,3.5,(605 Reviews),Private,"Milpitas,California + 42 more",18 years old,1k-5k employees (India)
572,DISH TV,3.7,(605 Reviews),Public,"Noida,Uttar Pradesh + 103 more",18 years old,1k-5k employees (Global)
573,Karvy Stock Brokin...,3.5,(604 Reviews),Private,"Hyderabad/Secunderabad,Telangana + 92 more",31 years old,10k-50k employees (Global)
574,Marico,4.1,(604 Reviews),Public,"Mumbai,Maharashtra + 100 more",31 years old,1k-5k employees (India)
575,Indian Railways,4.0,(604 Reviews),Govt Organisation,"Delhi/NCR,Delhi + 100 more",168 years old,1 Lakh+ employees (Global)
576,FDC,3.9,(603 Reviews),Public,"Mumbai,Maharashtra + 69 more",81 years old,5k-10k employees (Global)
577,Orion Edutech,3.2,(602 Reviews),Private,"Kolkata,West Bengal + 90 more",15 years old,1k-5k employees (Global)
578,Oil And Natural Ga...,4.3,(602 Reviews),"Delhi/NCR,Delhi + 56 more",65 years old,10k-50k employees (India),nan
579,Telenor,4.4,(601 Reviews),Private,"Fornebu,Fornebu + 112 more",12 years old,1k-5k employees (India)
580,Kendriya Vidyalaya...,4.4,(601 Reviews),Public,"Delhi/NCR,Delhi + 145 more",58 years old,10k-50k employees (Global)
581,SAP,4.4,(600 Reviews),Private,"Walldorf,Baden-Württemberg + 18 more",23 years old,10k-50k employees (India)
582,Bharat Sanchar Nig...,4.1,(600 Reviews),Private,"Delhi/NCR,New Delhi + 150 more",21 years old,50k-1 Lakh employees (Global)
583,Sanofi,4.5,(600 Reviews),Public,Paris + 56 more,17 years old,1k-5k employees (India)
584,MSN Laboratories,3.7,(599 Reviews),Private,"Hyderabad/Secunderabad,Telangana + 39 more",18 years old,5k-10k employees (Global)
585,Square Yards,2.7,(599 Reviews),Private,"Gurgaon/Gurugram,Haryana + 33 more",7 years old,1k-5k employees (Global)
586,GAMMON INDIA,4.1,(594 Reviews),Public,"Mumbai,Maharashtra + 60 more",99 years old,1k-5k employees (Global)
587,Bajaj Motors,3.8,(591 Reviews),Private,Gurgaon + 40 more,35 years old,1k-5k employees (India)
588,Fino Payments Bank,4.3,(590 Reviews),Private,"Mumbai,Maharashtra + 126 more",15 years old,1k-5k employees (India)
589,Indiabulls Consume...,3.8,(589 Reviews),"Mumbai,Maharashtra + 113 more",27 years old,5k-10k employees (Global),nan
590,Oracle Financial S...,3.7,(589 Reviews),Public,Mumbai + 12 more,31 years old,5k-10k employees (Global)
591,Spicejet,3.5,(589 Reviews),Public,"Gurgaon/Gurugram,Haryana + 40 more",17 years old,10k-50k employees (Global)
592,L&T Hydrocarbon En...,4.0,(589 Reviews),Private,"Mumbai,Maharashtra + 44 more",12 years old,5k-10k employees (Global)
593,GAIL,4.4,(588 Reviews),Private,"Delhi/NCR,Delhi + 62 more",37 years old,1k-5k employees (Global)
594,Apotex Research,4.6,(586 Reviews),Private,"Brantford,Ontario + 7 more",18 years old,1k-5k employees (India)
595,Computer Age Manag...,3.7,(586 Reviews),Private,"Chennai,Tamil Nadu + 59 more",33 years old,5k-10k employees (Global)
596,Mercer,3.9,(585 Reviews),Private,"New York,New York + 10 more",76 years old,1k-5k employees (India)
597,Orange Business Se...,4.1,(585 Reviews),Private,Paris + 33 more,15 years old,1k-5k employees (India)
598,Daimler India Comm...,4.0,(583 Reviews),Private,"Chennai,Tamil Nadu + 25 more",135 years old,1k-5k employees (Global)
